[{"model": "story.ZomatoItem","pk": 1,"fields": {"opening_times": "11 AM to 12:30 AM", "name":"Rohit" }}, {"model": "story.ZomatoItem", "pk":2, "fields": {"opening_times": "12:30 PM to 12:30 AM", "name": "Q'BA", "area": "Connaught Place", "rating_scale": "Very Good", "cuisines": "Lounge Mediterranean North Indian Italian Asian", "recommendations": "Murgh Malai Tikka, Chicken Sausage Pizza, Steamed Lobster, Veg Spring Roll, Chicken Sandwich", "buffet": "652 Lunch (Mon-Sun)", "phone": "011 30146033 ext:303", "cost": "2500", "highlights": "No Home Delivery Dine-In Available Serves Non Veg Bar Available", "rating_value": "3.6", "address": "E 42 & 43, Inner Circle, , New Delhi ", "happy_hours": "Happy Hours: 3 PM - 7:30 PM"}},
{"model": "story.ZomatoItem", "pk":3, "fields": {"opening_times": "8 AM to 10:30 AM, 12 Noon to 3 PM, 7:30 PM to 10 PM", "name": "Andhra Bhavan", "area": "Connaught Place", "rating_scale": "Very Good", "cuisines": "Andhra South Indian", "recommendations": "Chicken Biryani, Mutton Fry, Prawn Curry", "buffet": "", "phone": "011 23382031", "cost": "200", "highlights": "No Home Delivery Dine-In Available Serves Non Veg Bar Not Available", "rating_value": "4.0", "address": "1, Ashoka Road, , New Delhi ", "happy_hours": ""}}]